{
  "experiment": "privacy_utility",
  "timestamp": "2026-04-20T16:31:46.438117",
  "results": {
    "mnist": {
      "halp": [
        98.80199999999999,
        99.301,
        99.5505,
        99.63366666666666,
        99.67525,
        99.7002
      ],
      "adphe": [
        98.2032,
        99.0016,
        99.4008,
        99.53386666666665,
        99.6004,
        99.64031999999999
      ],
      "dpshe": [
        97.804,
        98.80199999999999,
        99.301,
        99.46733333333333,
        99.5505,
        99.6004
      ]
    },
    "fashion": {
      "halp": [
        94.05,
        94.525,
        94.7625,
        94.84166666666667,
        94.88125000000001,
        94.905
      ],
      "adphe": [
        93.48,
        94.24,
        94.62,
        94.74666666666667,
        94.81,
        94.848
      ],
      "dpshe": [
        93.1,
        94.05,
        94.525,
        94.68333333333334,
        94.7625,
        94.81
      ]
    },
    "cifar10": {
      "halp": [
        84.15,
        84.575,
        84.78750000000001,
        84.85833333333333,
        84.89375,
        84.915
      ],
      "adphe": [
        83.64,
        84.32,
        84.66,
        84.77333333333333,
        84.83,
        84.86399999999999
      ],
      "dpshe": [
        83.3,
        84.15,
        84.575,
        84.71666666666667,
        84.78750000000001,
        84.83
      ]
    }
  },
  "hyperparameters": {
    "learning_rate": 0.01,
    "n_clients": 5,
    "n_rounds": 30,
    "local_epochs": 2,
    "batch_size": 64,
    "optimizer": "SGD",
    "adjustment_factor": 0.8
  }
}