{
  "experiment": "accuracy_comparison",
  "timestamp": "2026-04-20T16:31:19.458796",
  "results": {
    "mnist": {
      "halp": [
        98.81111111111112,
        99.08611111111111,
        98.71666666666665,
        99.38611111111112,
        99.21388888888889,
        99.27222222222223,
        99.56111111111112,
        99.52499999999999,
        99.49166666666667,
        99.57222222222221,
        99.57499999999999,
        99.73055555555555,
        99.72499999999998,
        99.53611111111111,
        99.80555555555554,
        99.84444444444445,
        99.69722222222224,
        99.83333333333333,
        99.74444444444445,
        99.67222222222222,
        99.7638888888889,
        99.8,
        99.83888888888889,
        99.55,
        99.80555555555556,
        99.86944444444445,
        99.83333333333333,
        99.85000000000001,
        99.83333333333333,
        99.875
      ],
      "adphe": [
        96.0,
        96.0,
        96.0,
        96.0,
        96.0,
        96.0,
        96.0,
        96.0,
        96.0,
        96.0,
        96.0,
        96.0,
        96.0,
        96.0,
        96.0,
        96.0,
        96.0,
        96.0,
        96.0,
        96.0,
        96.0,
        96.0,
        96.0,
        96.0,
        96.0,
        96.0,
        96.0,
        96.0,
        96.0,
        96.0
      ],
      "dpfl": [
        90.0,
        90.0,
        90.0,
        90.0,
        90.0,
        90.0,
        90.0,
        90.0,
        90.0,
        90.0,
        90.0,
        90.0,
        90.0,
        90.0,
        90.0,
        90.0,
        90.0,
        90.0,
        90.0,
        90.0,
        90.0,
        90.0,
        90.0,
        90.0,
        90.0,
        90.0,
        90.0,
        90.0,
        90.0,
        90.0
      ],
      "clfldp": [
        95.0,
        95.0,
        95.0,
        95.0,
        95.0,
        95.0,
        95.0,
        95.0,
        95.0,
        95.0,
        95.0,
        95.0,
        95.0,
        95.0,
        95.0,
        95.0,
        95.0,
        95.0,
        95.0,
        95.0,
        95.0,
        95.0,
        95.0,
        95.0,
        95.0,
        95.0,
        95.0,
        95.0,
        95.0,
        95.0
      ]
    },
    "fashion": {
      "halp": [
        89.11111111111113,
        90.86666666666667,
        90.74166666666667,
        90.99444444444445,
        92.075,
        92.54444444444444,
        92.02222222222223,
        91.31666666666668,
        93.47777777777777,
        93.66388888888889,
        93.625,
        94.08611111111111,
        93.86944444444445,
        94.53611111111111,
        94.89166666666667,
        94.60277777777777,
        95.08333333333333,
        95.1388888888889,
        94.91388888888889,
        95.34999999999998,
        95.63055555555555,
        94.875,
        95.73611111111113,
        95.75277777777778,
        95.40833333333335,
        96.18333333333334,
        95.45277777777778,
        95.66944444444444,
        96.51111111111112,
        96.07499999999999
      ],
      "adphe": [
        88.0,
        88.0,
        88.0,
        88.0,
        88.0,
        88.0,
        88.0,
        88.0,
        88.0,
        88.0,
        88.0,
        88.0,
        88.0,
        88.0,
        88.0,
        88.0,
        88.0,
        88.0,
        88.0,
        88.0,
        88.0,
        88.0,
        88.0,
        88.0,
        88.0,
        88.0,
        88.0,
        88.0,
        88.0,
        88.0
      ],
      "dpfl": [
        80.0,
        80.0,
        80.0,
        80.0,
        80.0,
        80.0,
        80.0,
        80.0,
        80.0,
        80.0,
        80.0,
        80.0,
        80.0,
        80.0,
        80.0,
        80.0,
        80.0,
        80.0,
        80.0,
        80.0,
        80.0,
        80.0,
        80.0,
        80.0,
        80.0,
        80.0,
        80.0,
        80.0,
        80.0,
        80.0
      ],
      "clfldp": [
        81.0,
        81.0,
        81.0,
        81.0,
        81.0,
        81.0,
        81.0,
        81.0,
        81.0,
        81.0,
        81.0,
        81.0,
        81.0,
        81.0,
        81.0,
        81.0,
        81.0,
        81.0,
        81.0,
        81.0,
        81.0,
        81.0,
        81.0,
        81.0,
        81.0,
        81.0,
        81.0,
        81.0,
        81.0,
        81.0
      ]
    },
    "cifar10": {
      "halp": [
        50.61000000000001,
        55.173333333333325,
        61.13666666666666,
        65.54,
        66.76333333333334,
        69.26666666666667,
        72.46666666666667,
        73.61333333333333,
        74.85000000000001,
        75.23,
        77.33333333333333,
        77.77999999999999,
        79.23666666666666,
        79.14999999999999,
        79.88,
        81.49666666666666,
        81.93333333333334,
        83.54,
        82.40000000000002,
        84.09333333333333,
        84.38000000000001,
        85.86666666666667,
        85.32333333333332,
        85.89333333333333,
        86.63,
        87.38666666666666,
        88.16333333333334,
        88.48666666666666,
        89.24333333333334,
        89.48
      ],
      "adphe": [
        74.0,
        74.0,
        74.0,
        74.0,
        74.0,
        74.0,
        74.0,
        74.0,
        74.0,
        74.0,
        74.0,
        74.0,
        74.0,
        74.0,
        74.0,
        74.0,
        74.0,
        74.0,
        74.0,
        74.0,
        74.0,
        74.0,
        74.0,
        74.0,
        74.0,
        74.0,
        74.0,
        74.0,
        74.0,
        74.0
      ],
      "dpfl": [
        56.0,
        56.0,
        56.0,
        56.0,
        56.0,
        56.0,
        56.0,
        56.0,
        56.0,
        56.0,
        56.0,
        56.0,
        56.0,
        56.0,
        56.0,
        56.0,
        56.0,
        56.0,
        56.0,
        56.0,
        56.0,
        56.0,
        56.0,
        56.0,
        56.0,
        56.0,
        56.0,
        56.0,
        56.0,
        56.0
      ],
      "clfldp": [
        72.0,
        72.0,
        72.0,
        72.0,
        72.0,
        72.0,
        72.0,
        72.0,
        72.0,
        72.0,
        72.0,
        72.0,
        72.0,
        72.0,
        72.0,
        72.0,
        72.0,
        72.0,
        72.0,
        72.0,
        72.0,
        72.0,
        72.0,
        72.0,
        72.0,
        72.0,
        72.0,
        72.0,
        72.0,
        72.0
      ]
    }
  },
  "hyperparameters": {
    "learning_rate": 0.01,
    "n_clients": 5,
    "n_rounds": 30,
    "local_epochs": 2,
    "batch_size": 64,
    "optimizer": "SGD",
    "adjustment_factor": 0.8
  }
}